,Time,open,close,low,high,Vol.trades,Nr.trades,Average,
MSFT,930,27.15,27.17,27.13,27.17,754229,764,27.1438,5
MSFT,931,27.17,27.19,27.13,27.18,328597,471,27.165,2
MSFT,932,27.18,27.21,27.13,27.19,343711,390,27.1916,3
MSFT,933,27.19,27.2,27.18,27.18,231715,339,27.1957,2
MSFT,934,27.19,27.19,27.16,27.17,151506,269,27.1733,0
MSFT,935,27.17,27.18,27.16,27.17,169217,195,27.1707,2
MSFT,936,27.17,27.18,27.16,27.17,223728,261,27.1699,2
MSFT,937,27.17,27.18,27.17,27.18,64639,152,27.1758,0
MSFT,938,27.17,27.19,27.17,27.19,109948,212,27.1795,0
MSFT,939,27.18,27.22,27.18,27.21,338107,410,27.1999,3
MSFT,940,27.21,27.22,27.19,27.21,194309,314,27.2097,1
MSFT,941,27.21,27.21,27.19,27.2,142614,262,27.1988,0
MSFT,942,27.2,27.21,27.19,27.2,187229,288,27.2005,1
MSFT,943,27.2,27.21,27.19,27.21,50235,110,27.1984,0
MSFT,944,27.2,27.22,27.2,27.21,86513,146,27.2094,1
MSFT,945,27.22,27.22,27.21,27.22,157111,257,27.2175,0
MSFT,946,27.22,27.22,27.21,27.22,98067,177,27.2185,0
MSFT,947,27.22,27.23,27.21,27.22,129993,270,27.2227,0
MSFT,948,27.21,27.22,27.21,27.22,160969,233,27.2169,0
MSFT,949,27.22,27.22,27.21,27.21,24634,49,27.2163,0
MSFT,950,27.21,27.22,27.18,27.19,153645,286,27.2012,0
MSFT,951,27.19,27.2,27.19,27.2,70113,140,27.1943,0
MSFT,952,27.19,27.2,27.19,27.2,36770,72,27.1976,0
MSFT,953,27.2,27.2,27.16,27.16,317479,473,27.183,0
MSFT,954,27.16,27.22,27.16,27.17,214521,351,27.1837,0
MSFT,955,27.17,27.19,27.16,27.18,149118,201,27.1777,1
MSFT,956,27.19,27.21,27.17,27.2,159660,200,27.1945,1
MSFT,957,27.2,27.21,27.2,27.21,135290,194,27.2066,1
MSFT,958,27.21,27.24,27.2,27.23,155938,317,27.2193,0
MSFT,959,27.23,27.25,27.21,27.22,315308,392,27.229,1
MSFT,1000,27.23,27.23,27.21,27.22,279934,413,27.2211,0
MSFT,1001,27.22,27.23,27.21,27.23,143758,175,27.225,1
MSFT,1002,27.23,27.25,27.22,27.23,312591,314,27.2375,3
MSFT,1003,27.23,27.25,27.23,27.23,100273,163,27.2365,0
MSFT,1004,27.23,27.24,27.22,27.22,243093,394,27.2274,0
MSFT,1005,27.22,27.24,27.21,27.24,163310,235,27.2297,1
MSFT,1006,27.23,27.26,27.23,27.25,487312,584,27.2484,4
MSFT,1007,27.25,27.28,27.24,27.28,288109,352,27.2644,1
MSFT,1008,27.28,27.29,27.27,27.27,273496,363,27.2794,1
MSFT,1009,27.28,27.28,27.26,27.26,270498,157,27.2688,7
MSFT,1010,27.26,27.27,27.25,27.25,352994,346,27.2553,4
MSFT,1011,27.26,27.28,27.25,27.26,154441,255,27.2658,0
MSFT,1012,27.27,27.28,27.26,27.28,379459,470,27.2769,1
MSFT,1013,27.28,27.29,27.27,27.28,183901,227,27.2808,1
MSFT,1014,27.28,27.29,27.27,27.28,217383,278,27.2795,2
MSFT,1015,27.27,27.29,27.26,27.28,312638,276,27.2786,5
MSFT,1016,27.29,27.3,27.28,27.29,171678,228,27.2877,1
MSFT,1017,27.29,27.3,27.29,27.29,85759,90,27.2967,1
MSFT,1018,27.3,27.32,27.29,27.32,725733,852,27.3102,5
MSFT,1019,27.32,27.32,27.31,27.31,73753,146,27.3163,0
MSFT,1020,27.32,27.32,27.31,27.31,49611,86,27.3155,1
MSFT,1021,27.32,27.32,27.3,27.3,137951,195,27.3094,0
MSFT,1022,27.31,27.31,27.29,27.29,187796,212,27.3,2
MSFT,1023,27.29,27.3,27.28,27.28,102614,221,27.2847,0
MSFT,1024,27.28,27.29,27.28,27.29,48441,88,27.2836,0
MSFT,1025,27.29,27.29,27.27,27.27,48291,95,27.2784,0
MSFT,1026,27.27,27.28,27.27,27.27,20785,44,27.2756,0
MSFT,1027,27.27,27.28,27.27,27.28,246653,275,27.2711,2
MSFT,1028,27.27,27.28,27.27,27.28,101004,133,27.2794,1
MSFT,1029,27.28,27.28,27.27,27.28,155260,243,27.2747,1
MSFT,1030,27.28,27.3,27.27,27.3,361740,498,27.2848,2
MSFT,1031,27.3,27.31,27.3,27.31,56347,64,27.3008,1
MSFT,1032,27.3,27.31,27.3,27.3,26838,48,27.3031,0
MSFT,1033,27.3,27.31,27.3,27.31,65981,123,27.3048,0
MSFT,1034,27.3,27.31,27.29,27.31,122612,211,27.3021,0
MSFT,1035,27.31,27.31,27.29,27.3,95140,153,27.2994,0
MSFT,1036,27.29,27.31,27.29,27.3,76442,120,27.2999,0
MSFT,1037,27.3,27.31,27.29,27.3,100907,124,27.302,0
MSFT,1038,27.31,27.31,27.3,27.3,175272,190,27.3087,1
MSFT,1039,27.3,27.34,27.3,27.33,333401,339,27.318,4
MSFT,1040,27.34,27.35,27.32,27.33,190523,284,27.3349,0
MSFT,1041,27.32,27.34,27.32,27.34,130270,175,27.3299,1
MSFT,1042,27.34,27.34,27.33,27.34,129581,213,27.3383,0
MSFT,1043,27.34,27.34,27.33,27.34,134900,202,27.338,0
MSFT,1044,27.33,27.34,27.33,27.34,164863,141,27.339,2
MSFT,1045,27.34,27.34,27.33,27.34,146219,269,27.3372,1
MSFT,1046,27.34,27.34,27.33,27.33,221194,287,27.3322,1
MSFT,1047,27.33,27.34,27.33,27.33,94130,105,27.3322,1
MSFT,1048,27.33,27.35,27.33,27.34,262875,273,27.3375,1
MSFT,1049,27.34,27.34,27.33,27.33,144955,201,27.3375,3
MSFT,1050,27.33,27.34,27.33,27.33,48732,93,27.3314,0
MSFT,1051,27.33,27.34,27.33,27.34,98128,115,27.3303,1
MSFT,1052,27.33,27.34,27.33,27.33,108980,105,27.3337,2
MSFT,1053,27.34,27.34,27.33,27.34,28160,51,27.3318,0
MSFT,1054,27.33,27.34,27.33,27.33,36102,75,27.332,0
MSFT,1055,27.33,27.34,27.33,27.33,32484,67,27.336,0
MSFT,1056,27.33,27.34,27.33,27.34,14330,33,27.3342,0
MSFT,1057,27.33,27.34,27.33,27.33,151799,160,27.3305,3
MSFT,1058,27.34,27.34,27.32,27.34,58446,107,27.334,0
MSFT,1059,27.34,27.34,27.33,27.34,53326,88,27.338,0
MSFT,1100,27.34,27.35,27.33,27.34,105913,189,27.3408,0
MSFT,1101,27.34,27.36,27.34,27.36,233044,319,27.3518,1
MSFT,1102,27.37,27.37,27.35,27.36,103877,129,27.3592,1
MSFT,1103,27.35,27.36,27.35,27.36,32074,72,27.3556,0
MSFT,1104,27.35,27.36,27.34,27.34,63406,140,27.346,0
MSFT,1105,27.34,27.35,27.33,27.33,160405,257,27.3332,0
MSFT,1106,27.33,27.34,27.32,27.33,87664,141,27.3313,1
MSFT,1107,27.33,27.34,27.33,27.33,315612,370,27.3301,3
MSFT,1108,27.33,27.34,27.33,27.34,105881,202,27.3372,0
MSFT,1109,27.33,27.34,27.33,27.33,203380,268,27.3334,1
MSFT,1110,27.34,27.35,27.33,27.34,119796,167,27.3406,1
MSFT,1111,27.35,27.35,27.33,27.34,34232,91,27.3397,0
MSFT,1112,27.33,27.34,27.33,27.33,43223,85,27.3378,0
MSFT,1113,27.34,27.34,27.3,27.34,88266,92,27.3248,1
MSFT,1114,27.33,27.34,27.33,27.33,129062,199,27.3306,1
MSFT,1115,27.33,27.34,27.33,27.34,35102,61,27.3359,0
MSFT,1116,27.33,27.34,27.33,27.33,13842,31,27.3315,0
MSFT,1117,27.33,27.34,27.32,27.34,178544,242,27.3303,0
MSFT,1118,27.33,27.34,27.31,27.32,281405,324,27.3242,1
MSFT,1119,27.33,27.34,27.31,27.32,484788,347,27.3291,2
MSFT,1120,27.32,27.33,27.3,27.3,536895,690,27.3131,1
MSFT,1121,27.31,27.32,27.29,27.3,452009,575,27.3069,2
MSFT,1122,27.3,27.33,27.3,27.33,137096,180,27.3135,1
MSFT,1123,27.32,27.33,27.31,27.33,212117,310,27.3192,0
MSFT,1124,27.32,27.34,27.32,27.34,210619,297,27.3257,0
MSFT,1125,27.33,27.34,27.33,27.34,46324,91,27.3339,0
MSFT,1126,27.33,27.34,27.33,27.34,70800,117,27.3384,0
MSFT,1127,27.33,27.34,27.33,27.34,99698,167,27.3359,1
MSFT,1128,27.34,27.34,27.33,27.34,71638,102,27.3381,0
MSFT,1129,27.33,27.34,27.33,27.33,135382,68,27.3305,1
MSFT,1130,27.33,27.34,27.33,27.33,20696,55,27.3317,0
MSFT,1131,27.34,27.34,27.33,27.33,26935,54,27.3307,0
MSFT,1132,27.34,27.34,27.33,27.34,89245,98,27.3329,1
MSFT,1133,27.33,27.34,27.33,27.33,26395,57,27.335,0
MSFT,1134,27.33,27.34,27.33,27.34,28273,44,27.3345,0
MSFT,1135,27.33,27.34,27.33,27.33,230621,233,27.3302,4
MSFT,1136,27.33,27.35,27.33,27.34,254225,293,27.3366,1
MSFT,1137,27.34,27.35,27.34,27.34,129969,152,27.3411,1
MSFT,1138,27.34,27.34,27.34,27.34,43964,53,27.3401,0
MSFT,1139,27.34,27.34,27.33,27.33,160169,106,27.3309,1
MSFT,1140,27.33,27.34,27.33,27.34,61325,90,27.3301,0
MSFT,1141,27.34,27.34,27.33,27.34,34413,53,27.337,0
MSFT,1142,27.34,27.34,27.33,27.33,99917,64,27.3383,2
MSFT,1143,27.33,27.34,27.33,27.33,6808,22,27.3312,0
MSFT,1144,27.33,27.39,27.33,27.37,769479,885,27.3603,6
MSFT,1145,27.37,27.39,27.37,27.39,356980,415,27.381,1
MSFT,1146,27.39,27.39,27.37,27.38,219436,281,27.3803,0
MSFT,1147,27.37,27.38,27.35,27.36,136901,184,27.3643,0
MSFT,1148,27.35,27.36,27.34,27.35,205739,155,27.3499,4
MSFT,1149,27.34,27.37,27.34,27.37,239431,323,27.3541,0
MSFT,1150,27.36,27.37,27.35,27.36,208033,57,27.3532,1
MSFT,1151,27.37,27.37,27.36,27.37,194048,234,27.3678,2
MSFT,1152,27.37,27.37,27.36,27.37,29580,51,27.3676,0
MSFT,1153,27.37,27.37,27.35,27.36,83680,130,27.3614,0
MSFT,1154,27.36,27.37,27.35,27.36,97279,133,27.3608,1
MSFT,1155,27.35,27.36,27.34,27.35,68194,121,27.3491,1
MSFT,1156,27.35,27.36,27.33,27.34,351568,403,27.3452,2
MSFT,1157,27.33,27.34,27.33,27.33,22423,33,27.3342,0
MSFT,1158,27.34,27.36,27.33,27.35,352808,458,27.34,0
MSFT,1159,27.35,27.35,27.34,27.35,34831,75,27.3427,0
MSFT,1200,27.35,27.36,27.34,27.36,34762,85,27.3521,0
MSFT,1201,27.35,27.36,27.34,27.35,77279,108,27.3452,1
MSFT,1202,27.35,27.35,27.33,27.33,78971,98,27.3409,1
MSFT,1203,27.33,27.33,27.29,27.3,352705,355,27.3125,1
MSFT,1204,27.3,27.32,27.29,27.32,119492,173,27.3063,1
MSFT,1205,27.32,27.34,27.31,27.33,223455,298,27.324,2
MSFT,1206,27.33,27.35,27.33,27.35,170912,185,27.3418,1
MSFT,1207,27.35,27.35,27.34,27.35,53805,91,27.3495,0
MSFT,1208,27.34,27.36,27.34,27.36,191510,272,27.3487,1
MSFT,1209,27.36,27.36,27.35,27.35,33157,41,27.3567,0
MSFT,1210,27.36,27.36,27.35,27.35,18727,40,27.3544,0
MSFT,1211,27.36,27.36,27.35,27.35,136437,203,27.3587,0
MSFT,1212,27.35,27.36,27.35,27.35,15057,32,27.3527,0
MSFT,1213,27.35,27.36,27.35,27.35,35403,61,27.3521,1
MSFT,1214,27.35,27.36,27.35,27.36,21427,59,27.3551,0
MSFT,1215,27.36,27.36,27.35,27.35,88122,128,27.3596,0
MSFT,1216,27.36,27.36,27.35,27.36,14033,34,27.3556,0
MSFT,1217,27.36,27.36,27.35,27.35,31040,59,27.3546,0
MSFT,1218,27.35,27.36,27.34,27.34,80260,89,27.3499,1
MSFT,1219,27.35,27.36,27.32,27.32,236551,201,27.3415,2
MSFT,1220,27.32,27.33,27.32,27.33,17674,26,27.3228,0
MSFT,1221,27.33,27.33,27.31,27.32,114198,143,27.3194,1
MSFT,1222,27.31,27.32,27.3,27.31,117156,124,27.3101,1
MSFT,1223,27.32,27.32,27.3,27.32,69011,70,27.3116,1
MSFT,1224,27.32,27.34,27.32,27.33,105845,159,27.3277,0
MSFT,1225,27.33,27.34,27.33,27.34,5541,20,27.335,0
MSFT,1226,27.34,27.35,27.33,27.35,47080,112,27.3397,0
MSFT,1227,27.35,27.36,27.34,27.34,152040,210,27.3496,0
MSFT,1228,27.35,27.36,27.34,27.35,229333,305,27.3574,1
MSFT,1229,27.35,27.36,27.34,27.35,87987,127,27.3508,0
MSFT,1230,27.35,27.35,27.35,27.35,25192,61,27.35,0
MSFT,1231,27.35,27.35,27.35,27.35,68289,48,27.35,2
MSFT,1232,27.35,27.35,27.34,27.34,26999,45,27.3473,0
MSFT,1233,27.35,27.35,27.34,27.35,76264,117,27.3491,0
MSFT,1234,27.35,27.36,27.34,27.35,38902,62,27.3494,0
MSFT,1235,27.35,27.35,27.35,27.35,49218,50,27.35,1
MSFT,1236,27.35,27.35,27.31,27.31,202101,312,27.3375,1
MSFT,1237,27.31,27.32,27.31,27.31,75985,107,27.3157,0
MSFT,1238,27.32,27.32,27.31,27.31,13772,36,27.3161,0
MSFT,1239,27.31,27.32,27.31,27.31,36231,30,27.3184,1
MSFT,1240,27.31,27.33,27.31,27.31,96539,136,27.3181,0
MSFT,1241,27.31,27.32,27.3,27.31,127388,126,27.3095,1
MSFT,1242,27.32,27.33,27.31,27.33,94879,95,27.3148,1
MSFT,1243,27.32,27.33,27.32,27.33,7296,18,27.3243,0
MSFT,1244,27.32,27.33,27.32,27.32,213182,37,27.3297,2
MSFT,1245,27.33,27.33,27.32,27.32,29385,44,27.3252,0
MSFT,1246,27.32,27.33,27.32,27.32,15463,29,27.3253,0
MSFT,1247,27.32,27.33,27.31,27.31,66722,78,27.3194,1
MSFT,1248,27.31,27.32,27.3,27.31,51631,78,27.3086,0
MSFT,1249,27.31,27.32,27.3,27.32,87239,94,27.3101,1
MSFT,1250,27.31,27.32,27.3,27.3,105087,108,27.3065,1
MSFT,1251,27.3,27.31,27.3,27.31,22831,40,27.3079,0
MSFT,1252,27.3,27.31,27.3,27.31,14759,32,27.304,0
MSFT,1253,27.31,27.31,27.3,27.31,32220,58,27.3053,0
MSFT,1254,27.3,27.31,27.3,27.3,16264,33,27.3025,0
MSFT,1255,27.3,27.31,27.3,27.3,9991,19,27.3015,0
MSFT,1256,27.3,27.31,27.3,27.31,15158,44,27.3048,0
MSFT,1257,27.3,27.31,27.3,27.31,8510,18,27.3048,0
MSFT,1258,27.3,27.33,27.3,27.3,188502,212,27.3127,1
MSFT,1259,27.3,27.31,27.29,27.29,57781,112,27.2995,0
MSFT,1300,27.3,27.3,27.29,27.3,174612,29,27.2994,2
MSFT,1301,27.3,27.3,27.28,27.29,60571,125,27.2892,0
MSFT,1302,27.29,27.29,27.28,27.28,8596,27,27.2831,0
MSFT,1303,27.28,27.31,27.28,27.3,247053,331,27.2974,2
MSFT,1304,27.3,27.3,27.28,27.29,127143,174,27.2919,1
MSFT,1305,27.29,27.29,27.28,27.28,22924,45,27.2854,0
MSFT,1306,27.29,27.3,27.28,27.28,354502,527,27.2952,1
MSFT,1307,27.29,27.32,27.29,27.32,140763,180,27.3018,1
MSFT,1308,27.31,27.32,27.31,27.32,100235,145,27.3196,0
MSFT,1309,27.31,27.32,27.28,27.28,109477,173,27.3015,0
MSFT,1310,27.28,27.29,27.28,27.29,49920,77,27.289,0
MSFT,1311,27.3,27.3,27.29,27.3,44818,47,27.2992,1
MSFT,1312,27.3,27.3,27.28,27.29,53851,82,27.2903,0
MSFT,1313,27.29,27.29,27.28,27.29,31951,60,27.289,0
MSFT,1314,27.29,27.3,27.28,27.29,55851,69,27.2886,0
MSFT,1315,27.29,27.3,27.29,27.29,10528,26,27.2921,0
MSFT,1316,27.29,27.3,27.29,27.3,5050,16,27.2946,0
MSFT,1317,27.29,27.3,27.28,27.3,64887,94,27.2913,0
MSFT,1318,27.3,27.32,27.29,27.31,205019,238,27.3005,2
MSFT,1319,27.32,27.32,27.31,27.31,33099,53,27.3105,0
MSFT,1320,27.31,27.31,27.3,27.3,46965,74,27.3046,1
MSFT,1321,27.3,27.3,27.28,27.28,65066,122,27.2923,0
MSFT,1322,27.28,27.29,27.28,27.28,12436,19,27.2859,0
MSFT,1323,27.28,27.29,27.28,27.29,283543,71,27.2896,1
MSFT,1324,27.29,27.31,27.29,27.3,172103,162,27.2992,2
MSFT,1325,27.3,27.32,27.3,27.3,57663,94,27.3082,0
MSFT,1326,27.31,27.31,27.3,27.3,187398,157,27.3044,3
MSFT,1327,27.3,27.31,27.3,27.3,27110,48,27.302,0
MSFT,1328,27.3,27.32,27.3,27.32,31565,67,27.3097,0
MSFT,1329,27.32,27.32,27.31,27.32,10235,30,27.3162,0
MSFT,1330,27.32,27.32,27.31,27.32,41995,80,27.3163,0
MSFT,1331,27.32,27.32,27.31,27.32,13725,12,27.3195,1
MSFT,1332,27.32,27.32,27.31,27.32,11540,26,27.3167,0
MSFT,1333,27.31,27.33,27.31,27.32,102877,163,27.3238,0
MSFT,1334,27.31,27.32,27.31,27.32,9313,27,27.3157,0
MSFT,1335,27.32,27.32,27.31,27.31,33707,65,27.3175,0
MSFT,1336,27.32,27.32,27.31,27.32,23100,43,27.318,0
MSFT,1337,27.31,27.32,27.31,27.32,20980,23,27.3171,0
MSFT,1338,27.32,27.33,27.32,27.32,76061,86,27.3209,1
MSFT,1339,27.33,27.33,27.32,27.33,6039,18,27.3297,0
MSFT,1340,27.33,27.33,27.32,27.32,5003,18,27.3244,0
MSFT,1341,27.33,27.33,27.32,27.32,20257,46,27.3211,0
MSFT,1342,27.32,27.32,27.31,27.31,49700,64,27.3171,0
MSFT,1343,27.32,27.32,27.31,27.31,27077,35,27.312,0
MSFT,1344,27.31,27.32,27.31,27.32,40118,57,27.3167,0
MSFT,1345,27.32,27.32,27.31,27.31,79560,96,27.3184,1
MSFT,1346,27.31,27.32,27.31,27.31,22216,28,27.3144,0
MSFT,1347,27.31,27.31,27.3,27.3,44594,79,27.3094,0
MSFT,1348,27.31,27.31,27.3,27.3,49542,72,27.3017,0
MSFT,1349,27.3,27.31,27.3,27.3,73909,111,27.3004,0
MSFT,1350,27.3,27.31,27.3,27.3,58051,57,27.3001,0
MSFT,1351,27.3,27.31,27.3,27.3,81899,92,27.3001,1
MSFT,1352,27.31,27.32,27.3,27.3,155368,197,27.3077,0
MSFT,1353,27.31,27.31,27.3,27.3,5010,14,27.3051,0
MSFT,1354,27.3,27.31,27.3,27.31,23760,26,27.3006,0
MSFT,1355,27.3,27.31,27.3,27.3,28906,41,27.3002,0
MSFT,1356,27.31,27.31,27.29,27.3,67285,97,27.2999,0
MSFT,1357,27.3,27.31,27.3,27.3,50111,72,27.3004,1
MSFT,1358,27.3,27.31,27.3,27.3,106484,74,27.3001,5
MSFT,1359,27.3,27.31,27.3,27.31,14228,23,27.3042,0
MSFT,1400,27.31,27.31,27.3,27.3,62173,89,27.3017,0
MSFT,1401,27.3,27.31,27.3,27.3,43928,59,27.3004,0
MSFT,1402,27.31,27.31,27.3,27.3,18568,32,27.3012,0
MSFT,1403,27.3,27.31,27.3,27.3,11555,30,27.3051,0
MSFT,1404,27.3,27.31,27.3,27.3,14013,25,27.3085,0
MSFT,1405,27.31,27.31,27.3,27.3,10176,32,27.3053,0
MSFT,1406,27.31,27.31,27.3,27.31,38132,62,27.3043,0
MSFT,1407,27.3,27.31,27.3,27.3,15841,37,27.3063,0
MSFT,1408,27.3,27.31,27.3,27.3,10988,29,27.3016,0
MSFT,1409,27.3,27.31,27.3,27.3,22428,64,27.3072,0
MSFT,1410,27.3,27.32,27.3,27.31,79203,113,27.3029,0
MSFT,1411,27.31,27.31,27.3,27.31,41970,59,27.3022,0
MSFT,1412,27.3,27.31,27.3,27.31,685030,172,27.3,1
MSFT,1413,27.31,27.31,27.29,27.31,536718,575,27.3006,2
MSFT,1414,27.31,27.32,27.3,27.31,54318,75,27.3112,0
MSFT,1415,27.31,27.32,27.31,27.31,25990,37,27.3111,0
MSFT,1416,27.31,27.32,27.31,27.32,8733,22,27.3148,0
MSFT,1417,27.31,27.32,27.31,27.32,128634,235,27.3186,0
MSFT,1418,27.32,27.32,27.3,27.31,82549,103,27.3105,0
MSFT,1419,27.31,27.31,27.29,27.3,203760,307,27.3,0
MSFT,1420,27.3,27.31,27.3,27.3,164259,191,27.3001,1
MSFT,1421,27.3,27.31,27.3,27.3,10646,26,27.3014,0
MSFT,1422,27.3,27.31,27.3,27.3,25560,33,27.3017,0
MSFT,1423,27.3,27.31,27.3,27.3,14477,30,27.3016,0
MSFT,1424,27.3,27.3,27.3,27.3,258357,119,27.3,4
MSFT,1425,27.3,27.31,27.29,27.31,82225,108,27.2999,0
MSFT,1426,27.3,27.31,27.29,27.29,82314,124,27.2997,0
MSFT,1427,27.29,27.3,27.29,27.29,103917,156,27.2902,0
MSFT,1428,27.29,27.29,27.28,27.28,63032,60,27.2877,1
MSFT,1429,27.29,27.3,27.28,27.29,85999,141,27.2819,0
MSFT,1430,27.29,27.31,27.28,27.3,125263,160,27.2951,0
MSFT,1431,27.3,27.3,27.28,27.29,36567,48,27.2892,0
MSFT,1432,27.29,27.3,27.29,27.3,12655,41,27.2917,0
MSFT,1433,27.3,27.31,27.29,27.29,26680,47,27.2996,0
MSFT,1434,27.3,27.31,27.29,27.31,74842,110,27.3,0
MSFT,1435,27.3,27.31,27.29,27.3,119287,151,27.3005,0
MSFT,1436,27.29,27.3,27.29,27.29,13394,29,27.291,0
MSFT,1437,27.29,27.3,27.29,27.3,21067,46,27.2924,0
MSFT,1438,27.29,27.3,27.29,27.3,13295,24,27.2932,0
MSFT,1439,27.3,27.31,27.29,27.3,79560,129,27.2987,0
MSFT,1440,27.29,27.31,27.29,27.3,160173,205,27.3002,0
MSFT,1441,27.31,27.31,27.3,27.31,15608,32,27.3078,0
MSFT,1442,27.31,27.32,27.3,27.3,123881,186,27.3103,0
MSFT,1443,27.31,27.31,27.29,27.29,115820,132,27.2999,2
MSFT,1444,27.29,27.3,27.26,27.29,215008,312,27.2773,2
MSFT,1445,27.29,27.3,27.28,27.3,142640,201,27.2853,1
MSFT,1446,27.3,27.31,27.29,27.3,125385,172,27.2997,1
MSFT,1447,27.3,27.31,27.29,27.3,224818,55,27.2913,1
MSFT,1448,27.3,27.31,27.29,27.29,74265,135,27.2989,0
MSFT,1449,27.3,27.31,27.29,27.3,60835,112,27.2997,0
MSFT,1450,27.3,27.3,27.29,27.3,93684,130,27.2995,0
MSFT,1451,27.3,27.31,27.3,27.3,28893,40,27.3058,0
MSFT,1452,27.3,27.31,27.3,27.3,77233,133,27.3007,0
MSFT,1453,27.31,27.31,27.3,27.31,4522,17,27.3059,0
MSFT,1454,27.3,27.31,27.3,27.31,342098,176,27.3001,1
MSFT,1455,27.31,27.31,27.3,27.3,9629,30,27.3035,0
MSFT,1456,27.3,27.31,27.3,27.3,66080,86,27.3034,1
MSFT,1457,27.31,27.31,27.3,27.31,27971,64,27.3065,0
MSFT,1458,27.3,27.31,27.3,27.31,11226,16,27.303,0
MSFT,1459,27.31,27.31,27.3,27.31,14952,22,27.3086,0
MSFT,1500,27.31,27.31,27.3,27.3,49406,72,27.309,0
MSFT,1501,27.3,27.31,27.3,27.31,35112,68,27.3017,0
MSFT,1502,27.3,27.31,27.3,27.3,5521,21,27.3033,0
MSFT,1503,27.3,27.31,27.3,27.3,9187,26,27.3028,0
MSFT,1504,27.3,27.31,27.3,27.3,185679,174,27.3001,2
MSFT,1505,27.3,27.32,27.3,27.3,40192,73,27.3025,0
MSFT,1506,27.31,27.32,27.3,27.31,242037,316,27.3102,1
MSFT,1507,27.3,27.31,27.3,27.31,10504,29,27.3046,0
MSFT,1508,27.3,27.31,27.3,27.3,86089,114,27.3002,0
MSFT,1509,27.31,27.31,27.3,27.3,68386,115,27.3013,0
MSFT,1510,27.3,27.31,27.3,27.3,69662,105,27.3002,0
MSFT,1511,27.3,27.31,27.3,27.31,45271,72,27.3018,0
MSFT,1512,27.31,27.31,27.3,27.3,96588,103,27.303,2
MSFT,1513,27.3,27.31,27.3,27.31,32690,79,27.3036,0
MSFT,1514,27.31,27.31,27.3,27.3,18651,51,27.302,0
MSFT,1515,27.3,27.31,27.3,27.3,149922,103,27.3002,2
MSFT,1516,27.3,27.31,27.3,27.3,33915,58,27.3002,0
MSFT,1517,27.31,27.31,27.3,27.3,39001,62,27.3045,0
MSFT,1518,27.3,27.31,27.3,27.3,17134,43,27.3058,0
MSFT,1519,27.3,27.31,27.3,27.3,21709,35,27.3023,0
MSFT,1520,27.31,27.31,27.3,27.31,142603,124,27.3015,3
MSFT,1521,27.3,27.31,27.3,27.31,28288,51,27.3037,1
MSFT,1522,27.31,27.34,27.3,27.3,42053,64,27.306,0
MSFT,1523,27.3,27.31,27.3,27.31,325658,64,27.3002,1
MSFT,1524,27.3,27.31,27.3,27.3,117500,165,27.3001,0
MSFT,1525,27.3,27.31,27.3,27.3,16546,45,27.3065,0
MSFT,1526,27.3,27.31,27.3,27.31,198757,240,27.302,0
MSFT,1527,27.31,27.31,27.3,27.3,59912,93,27.3029,0
MSFT,1528,27.3,27.31,27.3,27.3,131115,76,27.3013,1
MSFT,1529,27.3,27.31,27.3,27.3,110105,140,27.3055,0
MSFT,1530,27.3,27.31,27.3,27.31,76799,108,27.3004,0
MSFT,1531,27.3,27.31,27.3,27.3,59421,96,27.3031,0
MSFT,1532,27.3,27.32,27.3,27.31,481541,541,27.3057,1
MSFT,1533,27.31,27.31,27.3,27.31,56945,88,27.3066,0
MSFT,1534,27.3,27.32,27.3,27.32,118079,231,27.3106,0
MSFT,1535,27.31,27.32,27.3,27.3,176627,165,27.31,3
MSFT,1536,27.3,27.32,27.3,27.31,620355,430,27.3053,3
MSFT,1537,27.31,27.32,27.3,27.31,147468,178,27.3105,0
MSFT,1538,27.31,27.32,27.31,27.31,110834,125,27.3106,1
MSFT,1539,27.31,27.32,27.31,27.31,188058,232,27.3141,0
MSFT,1540,27.31,27.33,27.31,27.31,134731,246,27.3156,1
MSFT,1541,27.32,27.32,27.31,27.31,95650,180,27.3117,0
MSFT,1542,27.31,27.35,27.31,27.31,82939,134,27.316,0
MSFT,1543,27.31,27.32,27.3,27.3,85031,141,27.3117,0
MSFT,1544,27.32,27.32,27.31,27.31,103522,162,27.3139,0
MSFT,1545,27.31,27.32,27.31,27.32,77292,128,27.3168,0
MSFT,1546,27.31,27.32,27.31,27.31,287653,294,27.3103,0
MSFT,1547,27.31,27.32,27.31,27.31,172972,209,27.3101,0
MSFT,1548,27.31,27.32,27.31,27.31,96883,102,27.3101,0
MSFT,1549,27.31,27.32,27.31,27.31,477682,255,27.3108,2
MSFT,1550,27.31,27.31,27.29,27.29,206566,279,27.3031,1
MSFT,1551,27.29,27.3,27.27,27.27,220193,231,27.2833,2
MSFT,1552,27.28,27.28,27.26,27.26,185205,212,27.2669,0
MSFT,1553,27.26,27.28,27.26,27.27,175147,272,27.2718,0
MSFT,1554,27.28,27.29,27.26,27.28,179078,261,27.2739,1
MSFT,1555,27.27,27.28,27.26,27.27,96774,139,27.2693,1
MSFT,1556,27.26,27.28,27.26,27.27,91020,112,27.2637,0
MSFT,1557,27.27,27.28,27.26,27.27,346850,483,27.2711,1
MSFT,1558,27.26,27.29,27.26,27.27,382918,497,27.2771,0
MSFT,1559,27.27,27.3,27.25,27.28,611547,645,27.2787,5
MSFT,1600,27.29,27.29,27.28,27.28,8188,19,27.2873,0
